患者ID,NX1_併科,NX2_CT,NX3_神部,NX4_血管内,NX5_造影MRI,NX6_てんかん,NX7_SAH,NX8_逆紹介済,最終候補
1013662,0,0,0,0,0,0,0,0,1
1017804,1,1,0,0,0,0,0,0,0
1019627,0,0,0,0,0,0,0,0,1
1020931,0,0,0,1,0,0,0,1,0
1022903,1,1,0,0,0,0,0,0,0
1022985,0,0,0,0,0,0,0,0,1
1024404,1,0,0,0,0,0,0,0,0
1033875,0,0,0,0,0,0,0,0,1
1044641,0,0,0,1,0,0,1,0,0
1052388,1,1,0,0,1,0,0,0,0
1055903,1,0,0,0,0,0,0,0,0
107762,1,1,0,0,0,0,0,0,0
1080967,1,1,0,0,0,0,0,0,0
1094026,1,1,0,1,0,0,0,0,0
1098449,1,1,0,0,0,0,0,0,0
109916,0,0,0,0,0,0,0,0,1
1099982,0,0,0,1,0,0,0,0,0
1116366,1,0,0,0,0,0,0,0,0
1119807,1,1,0,1,0,0,0,1,0
1126332,0,0,0,0,0,0,0,0,1
1133601,1,0,0,0,0,0,0,0,0
1136587,0,0,0,1,0,0,0,0,0
1141505,0,1,0,0,0,0,0,0,0
114692,1,0,0,0,0,0,0,0,0
114791,1,1,0,0,0,0,0,0,0
1148351,1,0,0,1,0,0,1,0,0
1148450,0,0,0,0,0,0,0,0,1
1149630,1,1,0,0,1,0,0,0,0
1149812,1,0,0,0,0,0,0,0,0
1158094,1,1,0,1,0,0,0,0,0
1158367,0,0,0,0,0,0,0,0,1
1169711,1,0,0,0,0,0,0,0,0
1174307,1,1,0,0,0,0,0,1,0
1187085,0,0,0,0,1,0,0,0,0
1187201,1,1,0,0,1,0,0,0,0
1189560,1,0,0,0,0,0,0,0,0
1192754,0,0,0,0,0,0,0,0,1
1207256,1,1,0,0,0,0,0,0,0
1212586,1,1,0,0,1,0,0,1,0
1215795,1,1,0,0,0,0,0,0,0
1215894,1,1,0,0,0,0,0,0,0
1217032,1,1,0,0,0,0,0,0,0
1217841,1,1,0,0,0,0,0,0,0
1219301,1,1,0,0,0,0,0,0,0
1220135,1,1,0,0,0,0,0,0,0
1224920,1,1,0,0,1,0,0,1,0
1234614,0,0,0,0,1,0,0,1,0
124568,0,0,0,0,0,0,0,0,1
1246312,1,0,0,0,0,0,0,0,0
1247252,0,0,0,1,0,0,1,0,0
125145,1,0,0,0,0,0,0,0,0
1255817,1,0,0,0,0,0,0,0,0
1257508,1,1,0,0,0,0,0,0,0
1259454,0,0,0,0,0,0,0,0,1
1265733,0,0,0,1,0,0,0,0,0
1268835,1,1,0,0,0,0,0,0,0
1271855,1,1,0,0,0,0,0,0,0
1276193,1,1,0,0,0,0,0,0,0
1282225,1,0,0,1,0,0,0,0,0
1283660,1,1,0,0,0,0,0,0,0
1284262,1,1,0,0,1,0,0,0,0
1286044,1,0,0,0,0,0,0,0,0
1298790,1,0,0,0,0,0,0,0,0
1299772,1,1,0,0,0,0,0,0,0
1309044,1,0,0,0,0,0,0,0,0
1315521,1,1,0,0,1,0,0,0,0
1335775,1,0,0,1,0,0,0,0,0
1352549,0,0,0,1,0,0,0,0,0
1354453,1,1,0,0,0,0,0,1,0
1364733,0,0,0,0,0,0,0,0,1
1377487,1,0,0,0,0,0,0,0,0
1377644,1,1,0,1,0,0,1,0,0
138592,1,1,0,0,1,0,0,0,0
1386620,0,0,0,0,0,0,0,0,1
1389862,1,1,0,0,0,0,0,0,0
1391273,0,0,0,0,0,0,0,0,1
1391777,0,0,0,1,0,0,0,0,0
1402286,1,0,0,0,0,1,0,0,0
1408234,1,0,0,0,0,0,0,0,0
1409562,0,0,0,0,0,0,0,0,1
1413044,0,0,0,1,0,0,1,0,0
1414216,1,1,0,1,0,0,0,0,0
141662,0,0,0,1,0,0,0,0,0
1419297,1,1,0,0,0,0,0,1,0
1421492,1,1,0,0,0,0,0,0,0
1423399,0,0,0,0,0,0,0,0,1
1435006,0,0,0,0,1,1,0,0,0
143634,1,0,0,0,0,0,0,0,0
1440947,0,0,0,0,0,0,0,0,1
1445665,0,0,0,0,0,0,0,0,1
1450104,1,1,0,0,0,1,0,0,0
1464450,0,0,0,0,0,0,0,0,1
1466869,1,1,0,0,1,0,0,0,0
1491339,0,0,0,0,0,0,0,1,0
1495157,0,0,0,0,0,0,0,0,1
1501518,1,1,0,0,0,0,0,1,0
1502417,0,0,0,0,0,1,0,0,0
1507746,1,1,0,0,1,0,0,0,0
1509825,1,1,0,0,0,0,0,0,0
1512481,1,0,0,0,1,0,0,0,0
1519832,0,0,0,0,0,0,0,0,1
1527224,1,1,0,0,1,0,0,1,0
1527538,0,0,0,0,0,0,0,0,1
152775,1,1,0,0,1,0,0,1,0
1531820,1,0,0,0,0,0,0,0,0
1533610,1,1,0,0,0,0,0,0,0
1543378,0,0,0,0,0,0,0,0,1
1549103,1,0,0,0,0,0,0,0,0
1558673,0,0,0,0,0,1,0,0,0
1566593,1,1,0,1,0,0,0,0,0
1572096,1,1,0,0,0,0,0,0,0
1572633,1,0,0,1,0,0,0,1,0
1572716,0,0,0,1,0,0,0,0,0
1585206,0,0,0,0,1,0,0,0,0
1585296,1,1,0,1,0,0,0,0,0
1588605,0,0,0,0,0,0,0,0,1
1604782,1,0,0,0,0,0,0,0,0
1604997,0,0,0,0,0,0,0,0,1
1607777,1,0,0,0,0,0,0,0,0
1609872,1,0,0,0,0,0,0,0,0
1610013,0,0,0,0,1,0,0,1,0
1617371,0,1,0,0,0,0,0,1,0
162122,1,0,0,0,0,0,0,0,0
1626216,0,0,0,0,0,0,0,0,1
162824,0,0,0,0,1,0,0,0,0
1629433,1,1,0,0,0,0,0,1,0
1637907,0,0,0,0,1,0,0,0,0
1655082,0,0,0,1,0,0,0,0,0
165521,0,0,0,0,0,0,0,0,1
1663275,0,0,0,1,0,0,0,0,0
1666162,0,0,0,0,0,0,0,0,1
1666930,0,0,0,1,0,0,0,0,0
1669025,1,0,0,0,0,0,0,0,0
1678679,0,0,0,0,0,0,0,0,1
1679651,1,1,0,0,1,0,0,0,0
1690071,1,1,0,0,0,0,0,0,0
1690550,0,0,0,0,0,0,0,0,1
1691128,1,1,0,1,0,0,0,0,0
1694619,0,0,0,0,0,0,0,0,1
1696754,1,0,0,0,0,0,0,0,0
1704517,1,1,0,0,0,0,0,1,0
1710820,0,0,0,1,0,0,1,0,0
1713765,0,0,0,0,0,0,0,0,1
1714508,1,1,0,0,0,0,0,0,0
1714805,0,1,0,0,0,0,0,0,0
1716090,1,0,0,0,0,1,0,0,0
172550,1,0,0,1,0,0,0,0,0
1731916,0,0,0,0,0,0,0,1,0
1741312,0,0,0,0,0,0,0,0,1
1743549,0,0,0,0,0,0,0,0,1
1750081,1,1,0,0,1,0,0,0,0
1750536,0,0,0,0,0,0,0,0,1
1756772,0,0,0,1,0,0,0,0,0
176510,0,0,0,0,1,0,0,0,0
1765518,1,0,0,0,1,0,0,0,0
1769510,1,1,0,0,1,0,0,0,0
1772035,1,1,0,1,0,0,0,0,0
1774106,1,0,0,1,0,0,0,0,0
1779469,1,1,0,0,0,0,0,0,0
1780252,0,0,0,0,1,1,0,0,0
1791456,0,0,0,0,0,0,0,0,1
1792842,1,1,0,0,0,0,0,0,0
1798740,1,0,0,0,0,0,0,0,0
1798948,0,0,0,0,1,0,0,0,0
180454,1,1,0,0,1,0,0,0,0
1810562,0,0,0,0,0,0,0,0,1
1810728,1,0,0,1,0,0,0,0,0
1815784,0,1,0,0,0,0,0,0,0
181808,1,0,0,0,0,0,0,0,0
1829256,1,1,0,0,1,0,0,0,0
1830800,1,0,0,0,0,0,0,1,0
1848462,1,0,0,1,0,0,1,0,0
1854998,1,1,0,1,0,0,0,0,0
186708,0,0,0,0,0,0,0,0,1
1867611,0,0,0,0,0,0,0,0,1
1872462,0,0,0,1,0,0,1,0,0
1883096,0,0,0,0,0,0,0,0,1
1884961,0,0,0,0,0,0,0,0,1
1888673,1,1,0,0,1,0,0,0,0
1891867,0,0,0,1,0,0,0,0,0
1892379,1,1,0,0,0,0,0,0,0
1893252,1,0,0,1,0,0,0,0,0
1893293,1,1,0,1,0,0,0,0,0
1894291,1,1,0,0,1,0,0,0,0
1898763,1,0,0,1,0,0,0,0,0
1906096,1,0,0,1,0,0,0,0,0
1913084,0,0,0,0,0,1,0,0,0
1922929,1,1,0,0,0,0,0,1,0
1925212,0,0,0,0,0,0,0,0,1
1926243,0,0,0,0,0,0,0,0,1
1927183,1,0,0,0,0,0,0,0,0
1935145,1,1,0,0,0,0,0,0,0
1938684,0,0,0,0,0,0,0,0,1
1942174,1,1,0,0,0,0,0,0,0
1952561,1,0,0,0,1,1,0,0,0
195444,0,0,0,1,0,0,1,0,0
1954533,1,0,0,0,0,0,0,0,0
1958617,1,0,0,1,0,0,0,0,0
1958732,0,0,0,0,0,0,0,0,1
1961265,1,0,0,0,1,0,0,0,0
1961364,1,1,0,1,0,0,0,0,0
1968104,0,1,0,0,0,0,0,0,0
197093,1,1,0,0,0,0,0,0,0
1973434,1,1,0,0,0,0,0,0,0
1979357,0,0,0,0,0,0,0,0,1
1979431,0,0,0,0,0,0,0,0,1
1983383,0,0,0,0,0,0,0,0,1
1987863,1,0,0,0,0,0,0,0,0
1988234,0,0,0,0,0,0,0,0,1
1990000,1,1,0,0,0,0,0,0,0
2004611,0,0,0,0,0,0,0,0,1
2006772,1,1,0,1,0,0,0,0,0
201573,1,0,0,0,0,0,0,0,0
201680,1,1,0,0,0,0,0,1,0
2033123,0,0,0,0,1,0,0,0,0
204122,0,0,0,0,0,0,0,0,1
2047206,0,0,0,1,0,0,0,0,0
2054581,0,0,0,1,0,0,0,0,0
2058013,1,0,0,1,0,0,0,0,0
2062106,0,0,0,0,0,0,0,0,1
2062320,0,0,0,0,0,0,0,0,1
2074217,1,1,0,0,0,0,0,0,0
2082293,0,0,0,0,0,0,0,1,0
2093340,1,1,0,1,0,0,0,0,0
2096285,1,1,0,0,0,0,0,0,0
2097300,1,1,0,0,1,0,0,0,0
2101375,0,0,0,0,0,0,0,0,1
2118114,1,1,0,0,1,0,0,1,0
2119896,1,1,0,0,0,0,0,0,0
2120763,1,1,0,0,0,0,0,0,0
2130993,1,1,0,0,0,0,0,0,0
2137205,1,1,0,0,0,0,0,0,0
2138665,1,0,0,0,0,0,0,0,0
2138962,0,0,0,0,0,0,0,0,1
2139457,1,1,0,0,0,0,0,0,0
2144944,0,0,0,1,0,0,0,1,0
2146065,1,0,0,0,0,0,0,0,0
2146412,0,0,0,0,0,0,0,1,0
2152518,1,1,0,0,0,0,0,0,0
216480,0,0,0,0,0,0,0,0,1
2167482,0,0,0,0,0,0,0,0,1
2182606,0,0,0,1,0,0,0,0,0
2183835,0,1,0,0,0,0,0,0,0
2203733,1,1,0,0,1,0,0,0,0
2208815,0,0,0,0,1,0,0,0,0
2213352,0,0,0,1,0,0,1,0,0
2227187,1,1,0,0,0,0,0,0,0
2231627,0,0,0,0,0,0,0,0,1
2245916,1,0,0,0,1,0,0,1,0
2247961,0,0,0,0,0,0,0,0,1
2249652,0,0,0,1,0,0,0,0,0
225143,1,0,0,0,0,1,0,1,0
2257903,0,0,0,0,1,0,0,0,0
2260428,0,0,0,1,0,0,1,0,0
2263489,1,1,0,0,0,0,0,0,0
2265195,0,0,0,0,0,0,0,0,1
2273792,1,1,0,1,0,0,1,1,0
2283750,0,0,0,0,0,0,0,0,1
229912,0,0,0,1,0,0,0,1,0
2301009,0,0,0,0,0,0,0,0,1
2303310,1,0,0,1,0,0,0,0,0
2311230,0,0,0,0,0,0,0,0,1
2311486,1,0,0,1,0,0,0,0,0
2312303,0,0,0,0,0,0,0,0,1
2344222,0,0,0,0,0,0,0,0,1
2349972,0,0,0,0,0,0,0,0,1
236132,1,1,0,0,1,0,1,1,0
2371200,0,0,0,0,1,1,0,0,0
2372140,1,0,0,0,0,0,0,1,0
2383542,1,1,0,0,0,0,0,0,0
2384350,0,0,0,0,0,0,0,0,1
2384706,1,0,0,0,0,0,0,0,0
2396479,1,1,0,0,1,0,0,0,0
2400801,0,0,0,0,0,0,0,0,1
2401262,1,1,0,1,0,0,1,1,0
2409396,0,0,0,0,0,0,0,0,1
2425146,0,0,0,0,0,0,0,0,1
2427233,1,0,0,1,0,0,0,0,0
2427605,1,1,0,0,0,0,0,1,0
2435351,1,0,0,0,0,0,0,0,0
2436705,1,0,0,0,0,0,0,0,0
2437595,0,0,0,0,0,0,0,0,1
244127,1,0,0,1,0,0,0,0,0
2444724,1,0,0,0,0,0,0,0,0
2450350,1,1,0,0,0,0,0,0,0
2450789,1,1,0,0,1,0,0,1,0
2455787,0,0,0,0,0,0,0,0,1
2457560,0,0,0,0,1,0,0,0,0
2465893,1,1,0,1,0,1,0,1,0
2473822,1,0,0,0,1,0,0,0,0
2480455,1,1,0,0,0,0,0,0,0
2486759,1,0,0,0,0,0,0,0,0
2487335,1,0,0,0,0,0,0,0,0
2491196,0,0,0,0,0,0,0,0,1
2493944,1,0,0,1,0,0,0,0,0
2496526,1,1,0,0,1,0,0,0,0
2503637,0,0,0,0,0,0,0,0,1
2504552,0,0,0,0,1,0,0,1,0
2519303,0,0,0,0,0,0,0,0,1
2522554,1,0,0,0,0,0,0,0,0
2523940,0,0,0,0,0,0,0,0,1
2532363,0,0,0,0,0,0,0,0,1
2532586,0,0,0,0,1,0,0,0,0
2540440,1,1,0,0,0,0,0,0,0
2549886,0,0,0,1,0,0,0,0,0
256188,1,1,0,0,0,0,0,0,0
2562591,1,1,0,0,1,0,0,0,0
2568151,1,1,0,0,1,0,0,1,0
2588950,1,1,0,0,0,0,0,0,0
2591112,0,0,0,0,0,0,0,0,1
2592416,0,0,0,0,0,0,0,1,0
2607644,1,1,0,0,1,0,0,0,0
2612454,1,0,0,0,0,0,0,0,0
2612891,0,0,0,0,1,0,0,0,0
2617098,0,0,0,1,0,0,0,0,0
2618674,1,0,0,0,0,0,0,0,0
2625555,0,0,0,0,0,0,0,0,1
2629085,1,0,0,1,0,0,0,1,0
2630019,1,0,0,0,1,0,0,0,0
2633145,0,0,0,0,0,0,0,0,1
2637344,1,0,0,0,0,0,0,0,0
2639134,1,0,0,0,0,0,0,0,0
2640983,0,0,0,0,0,0,0,0,1
2644877,1,0,0,0,0,0,0,0,0
2651527,1,1,0,0,1,0,0,0,0
2657656,1,1,0,0,0,0,0,0,0
2659371,1,1,0,0,1,0,0,0,0
2665295,1,0,0,0,1,0,0,0,0
2667597,1,1,0,1,0,0,0,0,0
2672300,0,0,0,0,0,0,0,0,1
2673983,1,1,0,0,0,0,0,0,0
267920,1,0,0,0,0,0,0,1,0
2688742,1,0,0,0,1,0,0,0,0
2694014,1,0,0,0,0,0,0,0,0
2703468,1,1,0,0,0,0,0,0,0
2714739,1,1,0,0,0,0,0,0,0
272400,1,0,0,1,0,0,0,0,0
2724431,0,0,0,0,0,0,0,0,1
273274,1,1,0,0,0,0,0,0,0
273695,0,0,0,0,0,0,0,0,1
2743639,1,0,0,0,0,0,0,0,0
2745816,0,0,0,0,0,0,0,0,1
2747473,1,1,0,0,0,0,0,0,0
2750106,1,0,0,0,0,0,0,1,0
2758776,0,0,0,0,0,0,0,0,1
2761383,1,1,0,0,0,0,0,1,0
2764049,0,0,0,0,0,0,0,0,1
2765987,1,1,0,0,0,0,0,0,0
2769690,0,0,0,0,0,0,0,0,1
2770749,1,0,0,0,0,0,0,0,0
2780210,0,0,0,0,0,0,0,0,1
2784640,0,0,0,0,0,0,0,0,1
2787081,0,1,0,0,0,0,0,0,0
2790201,0,0,0,0,1,0,0,0,0
2792767,0,0,0,0,0,0,0,0,1
2797056,1,1,0,0,1,0,0,0,0
280758,1,1,0,0,1,0,0,0,0
2814190,1,0,0,0,1,0,0,0,0
281830,0,1,0,1,0,0,0,1,0
2822722,1,1,0,0,0,0,0,0,0
2842753,0,0,0,0,0,0,0,0,1
2849641,1,1,0,0,1,0,0,0,0
2850830,1,0,0,0,0,0,0,0,0
2852991,1,1,0,0,0,0,0,0,0
2855441,1,1,0,0,0,0,0,0,0
285971,0,0,0,0,1,0,0,0,0
2867362,0,0,0,0,0,0,0,0,1
2868625,1,0,0,0,0,0,0,0,0
2870366,0,0,0,0,0,0,0,0,1
2874698,1,1,0,0,0,0,0,0,0
2879127,1,1,0,0,0,0,0,1,0
2884003,1,0,0,0,0,0,0,0,0
2887815,0,0,0,0,0,0,0,0,1
2888251,1,1,0,0,0,0,0,0,0
2901278,0,0,0,0,0,0,0,0,1
2901617,0,0,0,1,0,0,0,0,0
290468,0,0,0,1,0,0,0,0,0
2905601,0,0,0,0,0,0,0,0,1
2909775,1,0,0,0,0,0,0,0,0
2912234,1,0,0,0,0,0,0,0,0
2924592,0,0,0,0,0,0,0,0,1
2927851,1,0,0,0,0,0,0,0,0
2932546,1,1,0,0,0,0,0,0,0
2932793,1,0,0,1,0,0,0,0,0
2950358,1,0,0,0,0,1,0,0,0
295194,1,0,0,0,1,0,0,0,0
2954565,1,1,0,0,1,0,0,0,0
2964192,1,1,0,0,0,0,0,0,0
2968086,1,1,0,0,0,0,0,0,0
2975280,0,0,0,0,0,0,0,1,0
2983853,1,0,0,0,0,0,0,0,0
2984265,1,1,0,0,0,0,0,0,0
2985577,0,0,0,0,0,0,0,0,1
299989,1,0,0,0,0,0,0,0,0
3000378,1,1,0,0,1,0,0,0,0
3002119,1,0,0,0,0,0,0,0,0
3002564,1,0,0,0,0,0,0,0,0
300532,1,1,0,0,0,0,0,1,0
3007373,0,0,0,0,0,0,0,0,1
3013231,1,0,0,0,0,0,0,0,0
3013660,1,1,0,0,0,0,0,0,0
3018965,0,0,0,0,1,0,0,1,0
3026472,1,1,0,0,0,0,0,1,0
3030144,1,1,0,0,0,0,0,0,0
3032958,1,0,0,0,1,0,0,0,0
3034260,0,0,0,0,0,0,0,0,1
3039581,0,0,0,0,0,0,0,0,1
3040738,1,0,0,0,0,0,0,0,0
3063350,1,1,0,0,1,0,0,0,0
3064704,0,0,0,0,0,0,0,0,1
3069380,1,0,0,0,0,0,0,0,0
3069455,0,0,0,0,0,0,0,0,1
307544,0,0,0,0,0,0,0,0,1
307643,1,1,0,0,0,0,0,0,0
307874,0,0,0,0,0,0,0,0,1
3083002,1,1,0,1,0,0,0,0,0
3095518,0,0,0,1,0,0,0,0,0
3096292,0,0,0,0,0,0,0,0,1
3096706,1,1,0,0,1,0,0,1,0
3111290,1,1,0,0,1,0,0,0,0
3112454,1,1,0,0,0,0,0,0,0
3116488,1,0,0,0,0,0,0,0,0
3117767,0,0,0,0,0,0,0,0,1
3127857,0,0,0,0,0,0,0,0,1
3130365,1,1,0,0,0,0,0,0,0
3131743,1,0,0,1,0,0,0,0,0
3135414,0,1,0,0,0,0,0,0,0
3135637,1,0,0,0,0,0,0,0,0
3141016,1,0,0,0,0,0,0,0,0
3142724,0,0,0,1,0,0,0,0,0
3142864,0,0,0,0,1,0,0,0,0
3148127,1,1,0,0,0,0,0,0,0
3150223,0,0,0,0,1,0,0,0,0
3150512,1,1,0,1,0,0,1,1,0
3150891,1,0,0,0,0,0,0,1,0
3151584,1,1,0,0,1,0,0,0,0
3159446,1,1,0,0,0,0,0,0,0
3159652,0,0,0,0,0,0,0,0,1
3166104,0,0,0,0,0,0,0,0,1
3166855,1,0,0,1,0,1,0,0,0
3168736,0,1,0,1,0,0,0,1,0
3168851,1,0,0,0,1,0,0,0,0
3170254,0,0,0,0,0,0,0,0,1
3170717,0,0,0,0,0,0,0,0,1
3170899,0,0,0,0,1,0,0,0,0
3171863,1,1,0,0,0,0,0,0,0
3172424,0,0,0,1,0,0,0,0,0
3174437,0,0,0,1,0,0,0,0,0
3176400,0,0,0,0,0,0,0,0,1
3180410,0,0,0,1,0,0,0,0,0
3185533,0,1,0,0,1,0,0,0,0
3186011,1,0,0,1,0,0,0,0,0
318715,1,0,0,0,1,0,0,0,0
3190194,1,0,0,0,0,0,0,0,0
3192539,1,0,0,0,0,0,0,0,0
3198642,1,1,0,0,1,0,0,0,0
3204755,0,0,0,0,1,0,0,0,0
3206231,0,0,0,1,0,0,0,0,0
3207312,0,0,0,0,0,0,0,0,1
3210209,0,0,0,0,0,0,0,1,0
3216230,1,0,0,1,0,0,0,0,0
3222534,0,0,0,0,1,0,0,0,0
3224150,0,0,0,1,0,0,0,0,0
3225314,0,0,0,0,0,0,0,0,1
3226072,0,0,0,0,0,0,0,0,1
3239446,0,0,0,1,0,0,0,0,0
3239677,0,0,0,0,0,0,0,0,1
324093,0,1,0,1,0,0,0,0,0
3241063,0,0,0,0,0,0,0,0,1
3242821,0,0,0,0,0,0,0,1,0
3243035,1,0,0,0,1,0,0,0,0
3243555,1,0,0,0,0,0,0,0,0
3245832,1,0,0,1,0,0,0,0,0
3253711,1,0,0,0,0,0,0,0,0
3254676,1,0,0,0,0,1,0,0,0
3254692,1,1,0,1,0,0,0,0,0
3259304,1,0,0,1,0,0,0,0,0
3260278,1,0,0,0,0,0,0,0,0
3268107,1,1,0,0,0,0,0,0,0
3270582,0,0,0,1,0,0,0,0,0
3276951,0,0,0,1,0,0,1,0,0
328268,1,0,0,0,0,0,0,0,0
3282891,0,0,0,0,0,0,0,0,1
3291075,1,0,0,0,1,0,0,0,0
3292701,1,1,0,0,0,0,0,0,0
3294425,0,0,0,1,0,0,1,0,0
3299614,0,0,0,0,0,0,0,0,1
3300653,1,0,0,0,0,0,0,0,0
3302410,0,1,0,0,0,0,0,0,0
3309513,1,0,0,0,0,1,0,1,0
3309843,0,0,0,1,0,0,1,0,0
3309901,0,0,0,0,0,0,0,0,1
3311700,0,0,0,0,0,0,0,0,1
3313457,1,0,0,0,1,0,0,0,0
3316740,1,1,0,0,0,0,0,0,0
3319314,0,0,0,0,0,0,0,0,1
3320123,0,0,0,0,0,0,0,0,1
3320296,1,1,0,0,1,0,0,0,0
3322227,1,1,0,0,0,0,0,0,0
3322813,0,0,0,0,0,0,0,0,1
332360,1,1,0,0,0,0,0,0,0
3333430,0,0,0,0,1,0,0,0,0
333599,1,1,0,1,0,0,0,0,0
3336045,1,0,0,0,0,0,0,1,0
3337506,1,1,0,0,1,0,0,1,0
3339155,1,0,0,0,1,0,0,1,0
3339650,1,1,0,0,1,0,0,0,0
3341953,0,0,0,0,0,0,0,0,1
3343644,0,0,0,0,0,0,0,0,1
3343776,1,1,0,0,0,0,0,0,0
3345574,0,0,0,1,0,0,0,0,0
3347521,0,0,0,1,0,0,1,0,0
3347810,1,1,0,0,1,0,0,0,0
3349583,1,0,0,0,0,0,0,0,0
3349781,1,0,0,0,0,0,0,0,0
3352587,0,0,0,0,0,0,0,0,1
3352612,1,0,0,0,0,0,0,0,0
3352752,1,1,0,1,0,0,1,0,0
3355466,1,1,0,0,1,0,0,0,0
3357000,0,0,0,0,0,0,0,0,1
3357215,1,0,0,0,0,0,0,1,0
3363411,1,0,0,0,0,0,0,0,0
3363477,0,0,0,1,0,0,1,0,0
3364533,0,0,0,1,0,0,0,0,0
3365127,0,0,0,1,0,0,0,0,0
3368633,0,0,0,0,0,0,0,0,1
3370894,0,0,0,0,0,0,0,0,1
3371018,0,0,0,0,0,0,0,0,1
3375167,0,1,0,1,0,0,1,0,0
3377717,0,0,0,1,0,0,0,0,0
3378848,1,1,0,0,0,0,0,0,0
3380984,1,0,0,0,0,0,0,0,0
3385174,1,1,0,0,0,0,0,0,0
3391560,1,1,0,0,0,0,0,0,0
3392220,0,1,0,0,0,0,0,0,0
3393557,1,1,0,0,0,0,0,0,0
3394786,1,1,0,0,0,0,0,0,0
3395207,1,1,0,1,0,0,1,0,0
3396626,1,1,0,1,0,0,0,0,0
3396741,0,0,0,0,0,0,0,0,1
3400148,0,0,0,0,0,0,0,0,1
3400180,0,0,0,1,0,0,1,1,0
3403225,0,0,0,0,0,0,0,0,1
3404066,1,0,0,0,0,0,0,0,0
3404990,0,0,0,0,0,0,0,0,1
3406343,1,0,0,0,1,0,0,1,0
3407614,1,1,0,0,1,0,0,1,0
3408835,1,1,0,0,0,0,0,0,0
3409305,0,0,0,0,0,0,0,0,1
3411764,1,1,0,0,0,0,0,1,0
3412804,0,0,0,0,0,0,0,1,0
3414024,1,1,0,1,0,0,1,0,0
3414247,0,1,0,0,0,0,0,0,0
3415864,1,0,0,0,0,0,0,0,0
3416128,1,1,0,0,1,0,0,0,0
3418199,0,0,0,0,0,0,0,0,1
3418769,1,1,0,0,0,0,0,0,0
3421730,0,0,0,0,0,0,0,0,1
3423215,0,1,0,1,0,0,1,1,0
3423579,1,0,0,0,1,0,0,1,0
3425681,1,1,0,0,0,0,0,0,0
3426093,0,0,0,0,1,0,0,1,0
3428313,1,1,0,0,0,0,0,0,0
3432257,1,0,0,1,0,0,0,1,0
3434591,0,1,0,1,0,0,1,0,0
3437371,0,0,0,0,0,0,0,1,0
3437389,1,1,0,0,1,0,0,0,0
3437959,1,0,0,0,0,0,0,0,0
3439153,1,1,0,0,1,0,0,1,0
3441423,1,0,0,1,0,0,0,0,0
3442735,0,0,0,1,0,0,0,1,0
3442900,0,0,0,0,0,0,0,0,1
3445754,0,0,0,0,1,0,0,1,0
3447791,1,0,0,0,0,0,0,0,0
3448709,1,0,0,0,0,0,0,0,0
3454623,1,1,0,0,1,0,0,0,0
3455613,0,0,0,0,0,0,0,0,1
345817,0,1,0,0,0,0,0,0,0
3460506,0,0,0,0,0,0,0,0,1
3462980,1,1,0,0,0,0,0,1,0
3463525,0,0,0,0,1,0,0,1,0
3466214,1,0,0,0,0,0,0,0,0
346757,0,0,0,1,0,0,0,1,0
349173,0,0,0,1,0,0,0,0,0
351162,1,1,0,0,0,0,0,0,0
353365,1,1,0,0,0,0,0,0,0
356384,0,1,0,1,0,0,0,1,0
358554,0,0,0,0,0,0,0,0,1
359057,1,0,0,0,0,0,0,0,0
370897,1,1,0,0,0,0,0,0,0
372233,0,0,0,1,0,0,0,0,0
377067,1,1,0,0,1,0,0,0,0
381168,1,1,0,1,0,0,0,1,0
382117,0,0,0,1,0,0,0,0,0
382785,1,1,0,0,0,0,0,0,0
384294,0,0,0,0,0,0,0,0,1
388147,1,1,0,0,0,0,0,0,0
389962,0,0,0,1,0,0,0,0,0
399433,1,0,0,0,1,0,0,0,0
400646,1,1,0,0,0,0,0,0,0
408136,0,0,0,0,0,0,0,0,1
410926,1,0,0,0,0,0,0,0,0
420108,1,1,0,0,0,0,0,1,0
426823,1,1,0,0,0,0,0,0,0
431443,0,0,0,0,0,0,0,0,1
433027,0,0,0,0,0,0,0,0,1
442671,0,0,0,0,0,0,0,0,1
44287,1,1,0,0,0,1,0,0,0
449527,1,0,0,0,0,0,0,0,0
464799,0,1,0,1,0,0,1,1,0
465789,0,0,0,0,0,0,0,0,1
469203,0,0,0,1,0,0,0,0,0
469723,0,0,0,0,0,0,0,0,1
474814,1,0,0,0,0,0,0,0,0
480696,0,0,0,0,0,0,0,1,0
488970,1,1,0,0,0,0,0,0,0
490357,1,1,0,0,0,0,0,0,0
493252,1,0,0,0,0,0,0,0,0
513506,0,0,0,1,0,0,0,0,0
51382,0,1,0,0,0,0,0,0,0
516938,1,0,0,0,1,0,0,0,0
519775,1,0,0,1,0,0,0,0,0
524536,1,1,0,1,0,0,0,1,0
527480,1,1,0,0,0,0,0,0,0
538387,1,1,0,1,0,0,0,0,0
545978,1,1,0,0,1,0,0,0,0
549987,1,0,0,1,0,0,0,0,0
553048,1,0,0,0,1,0,0,0,0
554616,1,1,0,0,0,0,0,0,0
568277,1,1,0,0,0,0,0,0,0
56836,1,1,0,0,0,0,0,0,0
568566,1,0,0,0,1,0,0,1,0
577600,0,1,0,0,0,0,0,0,0
59070,1,1,0,0,1,0,0,0,0
594133,1,0,0,0,0,0,0,0,0
601252,0,0,0,1,0,0,1,1,0
61282,1,1,0,1,0,0,0,0,0
619113,0,0,0,1,0,0,1,0,0
624360,1,0,0,0,0,0,0,0,0
624575,0,0,0,0,0,1,0,0,0
631662,1,0,0,0,0,0,0,0,0
635845,1,0,0,0,0,0,0,0,0
646685,0,0,0,0,0,0,0,0,1
655042,0,0,0,1,0,0,1,0,0
657815,1,1,0,1,0,0,0,1,0
658986,0,0,0,1,0,0,0,0,0
66001,1,1,0,0,0,0,0,0,0
660991,1,1,0,1,0,0,0,0,0
662914,1,1,0,0,0,0,0,0,0
663367,0,0,0,0,0,0,0,0,1
669884,0,0,0,0,0,0,0,0,1
671502,1,1,0,0,0,0,0,0,0
673911,0,0,0,0,0,0,0,0,1
674299,1,1,0,0,0,0,0,0,0
677706,1,0,0,0,0,0,0,0,0
680718,1,1,0,0,0,0,0,0,0
683010,1,1,0,0,0,0,0,0,0
684066,0,0,0,0,0,0,0,0,1
686863,1,0,0,0,0,0,0,0,0
687102,0,0,0,0,0,0,0,0,1
691939,1,0,0,0,0,0,0,0,0
693050,0,0,0,0,0,1,0,0,0
694370,1,0,0,0,1,0,0,0,0
69599,0,0,0,0,0,0,0,1,0
698446,1,0,0,0,0,0,0,0,0
70151,1,0,0,0,1,0,0,0,0
709896,0,0,0,0,1,0,0,0,0
71133,1,1,0,1,0,0,0,1,0
712355,0,0,0,0,0,0,0,0,1
716967,0,0,0,0,0,0,0,0,1
717841,0,0,0,0,1,0,0,0,0
721637,1,0,0,0,1,0,0,1,0
72214,1,1,0,0,0,0,0,0,0
724581,1,1,0,1,0,0,0,0,0
729977,0,0,0,0,0,0,0,0,1
73757,0,0,0,0,0,0,0,0,1
739563,0,0,0,0,0,0,0,0,1
740728,0,0,0,0,0,0,0,0,1
741156,0,0,0,1,0,0,0,0,0
755008,0,0,0,0,0,0,0,0,1
76033,0,0,0,1,0,0,0,1,0
76421,1,0,0,0,0,0,0,0,0
764900,0,0,0,0,0,0,0,0,1
776631,0,0,0,1,0,0,0,0,0
777225,1,0,0,0,0,0,0,0,0
781937,0,0,0,0,0,0,0,0,1
782704,0,0,0,1,0,0,0,0,0
789286,1,0,0,1,0,0,0,0,0
789575,1,1,0,0,0,0,0,1,0
791507,1,1,0,0,0,0,0,1,0
792463,1,1,0,0,0,0,0,0,0
793370,0,0,0,0,0,0,0,0,1
796150,1,1,0,1,0,0,0,0,0
801678,1,1,0,0,0,0,0,0,0
808847,1,0,0,0,0,0,0,0,0
809812,0,0,0,0,0,0,0,0,1
812048,1,1,0,0,0,0,0,0,0
813962,0,0,0,0,0,0,0,0,1
814028,0,0,0,0,0,1,0,0,0
816412,1,0,0,0,0,0,0,0,0
818615,1,0,0,0,0,0,0,0,0
819695,0,0,0,1,0,0,0,0,0
827426,0,0,0,0,1,0,0,0,0
827863,1,1,0,0,1,0,0,0,0
838332,0,0,0,1,0,0,0,0,0
841311,0,0,0,0,0,0,0,0,1
841352,1,1,0,1,0,0,0,1,0
856771,0,0,0,0,0,0,0,0,1
857191,1,0,0,1,0,0,0,0,0
860212,1,0,0,1,0,0,0,0,0
870582,1,0,0,0,0,0,0,0,0
871929,1,0,0,0,0,0,0,0,0
878717,1,1,0,0,0,0,0,0,0
888583,0,0,0,1,0,0,0,0,0
891785,1,1,0,0,0,0,0,0,0
898186,1,1,0,0,0,0,0,0,0
904183,1,1,0,0,1,0,0,0,0
904737,1,0,0,0,0,0,0,0,0
905727,0,1,0,0,0,0,0,0,0
906642,0,0,0,0,0,0,1,0,0
915858,0,0,0,0,0,0,0,0,1
917755,1,1,0,0,0,0,0,0,0
938314,1,0,0,0,0,0,0,0,0
948024,1,1,0,0,0,0,0,0,0
948305,0,0,0,0,0,0,0,1,0
951325,1,0,0,0,1,0,0,1,0
952349,0,1,0,1,0,0,1,0,0
953833,1,1,0,1,0,0,0,0,0
959419,0,0,0,0,0,0,0,0,1
963056,0,0,0,1,0,0,0,0,0
971257,0,0,0,0,0,0,0,0,1
977114,0,0,0,0,0,0,1,0,0
995306,0,0,0,0,0,0,0,0,1
