medical_institution_code,medical_institution_id,name,address,phone_number_area,phone_number_city,phone_number_subscriber,founder_name,administrator_name,raw_department_string
1,405292,宮野歯科医院,千葉県成田市宗吾3-575-15,0476,26,1188,,,
1,410417,御影たかはし小児科アレルギー科クリニック,兵庫県神戸市東灘区御影中町1丁目7-20 トラスティー御影,078,891,4004,,,
1,410501,内科・呼吸器内科　東札幌クリニック,北海道札幌市白石区東札幌4条1-1-1 ラソラ札幌Bタウン2F,011,817,1188,,,
1,410965,ほりいけ呼吸器内科クリニック,静岡県静岡市葵区川合2丁目8−1,054,294,8210,,,
1,411030,大日駅前ようこ内視鏡クリニック,大阪府守口市大日東町2-13サンマークス大日ステーションレジデンス208,,,,,,
1,411035,高橋歯科医院,東京都港区南青山４－９－３０　三恵ビル２Ｆ,03,3402,7744,,,
1,411040,けんぐん腎・泌尿器科 熊本,熊本県熊本市東区新生２丁目２−２,096,331,7477,,,
1,411127,ライフケアクリニックあつた中川,愛知県名古屋市熱田区四番一丁目9-20-1,,,,,,
1,411132,マチカド総合クリニック,神奈川県川崎市麻生区片平８丁目１−１,044,299,6216,,,
1,411139,二子玉川ハートクリニック,東京都世田谷区玉川2-16-5 THE GRANDUO FUTAKOTAMAGAWA SEED 2階,050,3642,4304,,,
1,411617,医療法人かがやき　総合在宅医療クリニック名駅,愛知県名古屋市中村区二ツ橋町一丁目35番,052,526,7832,,,
1,411638,くにとも整形外科,滋賀県大津市大萱1丁目3番30号-2,077,572,6023,,,
1,411667,中谷医院おうち,大阪府大阪市平野区長吉長原4丁目1-17,06,6718,7174,,,
1,411671,正翔会クリニック北名古屋,愛知県北名古屋市鹿田永塚62,,,,,,
1,411672,登戸おなかと内視鏡クリニック,神奈川県川崎市多摩区登戸2502-1 ユーフォリア1階,044,935,1371,,,
1,411673,みなとらいおん耳鼻咽喉科,愛知県名古屋市港区須成町1-1-9,,,,,,
1,411674,熱田はなざわウィメンズクリニック,愛知県名古屋市熱田区野立町1丁目88,,,,,,
1,411676,こけぐちこどもクリニック,岡山県岡山市中区藤原西町2丁目7番41号,086,272,1155,,,
1,411677,たにの整形外科内科クリニック,神奈川県川崎市高津区久本3-2-8 ラ・グレイス溝の口１階,,,,,,
4011119890,85581,福岡市西区保健福祉センター,福岡県福岡市西区内浜一丁目４番７号,092,882,3231,福岡市　福岡市長　髙島　宗一郎,山本　信太郎,内　小　放
4510212956,93873,かみながえクリ二ック,宮崎県都城市上長飯町５２２８番地１,0986,25,0224,医療法人倫風会　理事長　渡邊　荘郁,渡邊　荘郁,耳い
2335603086,386617,寺西歯科医院,愛知県海部郡大治町東條砂島２６,052,443,0961,寺西　信吾,寺西　信吾,歯　小歯
