"患者番号","入院日","退院日","在院日数","DPC","一覧の点数","算出点数","差","判定","備考","入院日1","入院日2","入院日3","点数1","点数2","点数3","退院日を含めない場合","テストケース"
"5917921","2026-04-16","2026-06-03","49","050130xx97000x","108280","108280","0","一致","","9","18","60","3140","2264","1924","106356","2番手以下のDPC・1番手より低い点数"
"6880719","2026-05-01","2026-06-23","54","160990xx97x1xx","148972","148972","0","一致","","22","44","120","4025","1981","1684","147288","1番手のDPC・点数と一致"
"1276220","2026-05-08","2026-06-18","42","10007xxxxxx1xx","61904","60606","1298","不一致","入院日Ⅲで打ち切り","6","12","30","2871","2037","1731","60606","2番手以下のDPC・1番手と同じ点数"
"6997603","2026-05-10","2026-06-10","32","040081xx99x0xx","74892","74892","0","一致","","9","17","60","3320","2169","1844","73048","1番手のDPC・点数と一致"
"6962674","2026-05-12","2026-06-01","21","050210xx9700xx","45281","45281","0","一致","","4","9","30","3063","2173","1847","43434","2番手以下のDPC・1番手より低い点数"
"6998388","2026-05-12","2026-07-06","56","160800xx97xxxx","108842","108842","0","一致","","4","13","60","3082","2119","1801","107041","1番手のDPC・点数と一致"
"3778985","2026-05-13","2026-06-13","32","060340xx03x00x","64664","64664","0","一致","入院日Ⅲで打ち切り","4","7","30","3233","2294","1950","64664","1番手のDPC・点数と一致"
"3289926","2026-05-15","2026-06-01","18","050130xx9900x0","45368","45368","0","一致","","7","14","60","3150","2242","1906","43462","1番手のDPC・点数と一致"
"1712288","2026-05-17","2026-06-03","18","040081xx99x0xx","49076","49076","0","一致","","9","17","60","3320","2169","1844","47232","1番手のDPC・点数と一致"
"6759952","2026-05-17","2026-06-01","16","050130xx9900x0","41556","41556","0","一致","","7","14","60","3150","2242","1906","39650","1番手のDPC・点数と一致"
"2508604","2026-05-18","2026-06-04","18","050030xx97x0xx","47094","47094","0","一致","","3","12","60","4151","2457","2088","45006","1番手のDPC・点数と一致"
"5889691","2026-05-18","2026-06-05","19","060340xx03x00x","43214","43214","0","一致","","4","7","30","3233","2294","1950","41264","1番手のDPC・点数と一致"
"5370212","2026-05-19","2026-06-22","35","060035xx97x0xx","68095","68095","0","一致","入院日Ⅲで打ち切り","6","13","30","3165","2289","1946","68095","1番手のDPC・点数と一致"
"5855587","2026-05-19","2026-06-04","17","110310xx99xxxx","42185","42185","0","一致","","6","11","30","3232","2257","1918","40267","1番手のDPC・点数と一致"
"2010988","2026-05-20","2026-06-03","15","010060xx99x20x","39355","39355","0","一致","","7","14","60","3191","2168","1842","37513","1番手のDPC・点数と一致"
"6999784","2026-05-20","2026-06-04","16","050080xx0200xx","41864","41864","0","一致","","5","10","30","3408","2458","2089","39775","1番手のDPC・点数と一致"
"1211072","2026-05-21","2026-06-06","17","060340xx97x0xx","44815","44815","0","一致","","6","12","30","3359","2406","2045","42770","1番手のDPC・点数と一致"
"3502564","2026-05-22","2026-06-02","12","060340xx03x00x","29564","29564","0","一致","","4","7","30","3233","2294","1950","27614","1番手のDPC・点数と一致"
"4008721","2026-05-22","2026-06-17","27","070560xxxxx7xx","30000","","","算出不可","出来高","","","","","","","","その他: AI側の点数が数値でない"
"6362343","2026-05-22","2026-06-20","30","060270xx99x0xx","65213","65213","0","一致","","5","9","30","3382","2211","1879","63334","1番手のDPC・点数と一致"
"3315694","2026-05-23","2026-06-12","21","040130xx99x0xx","46488","46488","0","一致","","4","9","30","3127","2236","1900","44588","2番手以下のDPC・1番手より低い点数"
"3870955","2026-05-23","2026-06-05","14","050210xx9700xx","32352","32352","0","一致","","4","9","30","3063","2173","1847","30505","1番手のDPC・点数と一致"
"5971797","2026-05-23","2026-06-23","32","050050xx97x3xx","95576","95576","0","一致","","9","19","60","4139","2771","2355","93221","1番手のDPC・点数と一致"
"6935475","2026-05-23","2026-06-02","11","060340xx99x0xx","29339","29339","0","一致","","4","8","30","3587","2289","1945","27394","1番手のDPC・点数と一致"
"185822","2026-05-25","2026-06-22","29","050130xx9900x0","66334","66334","0","一致","","7","14","60","3150","2242","1906","64428","1番手のDPC・点数と一致"
"2488131","2026-05-25","2026-06-22","29","10039xxx99xxxx","62218","62218","0","一致","","4","9","30","3332","2222","1889","60329","2番手以下のDPC・1番手より低い点数"
"6138057","2026-05-25","2026-06-04","11","050130xx97000x","32788","32788","0","一致","","9","18","60","3140","2264","1924","30524","1番手のDPC・点数と一致"
"6930918","2026-05-25","2026-06-01","8","010310xx97x0xx","22544","22544","0","一致","","8","16","60","2818","1999","1699","19726","2番手以下のDPC・1番手より高い点数"
"1660148","2026-05-26","2026-06-25","31","050130xx9902xx","82512","82512","0","一致","","10","20","60","3511","2450","2082","80430","1番手のDPC・点数と一致"
"2489715","2026-05-26","2026-06-04","10","060210xx99000x","26486","26486","0","一致","","4","8","30","3293","2336","1985","24501","1番手のDPC・点数と一致"
"4484503","2026-05-26","2026-06-03","9","050070xx9700xx","24768","24768","0","一致","","5","9","30","3160","2242","1905","22526","1番手のDPC・点数と一致"
"4224945","2026-05-27","2026-06-09","14","060340xx03x00x","33464","33464","0","一致","","4","7","30","3233","2294","1950","31514","1番手のDPC・点数と一致"
"4427907","2026-05-27","2026-06-12","17","010060xx99x40x","47042","47042","0","一致","","7","14","60","3497","2400","1921","45121","1番手のDPC・点数と一致"
"4949523","2026-05-27","2026-07-02","37","110280xx99000x","64427","64427","0","一致","入院日Ⅲで打ち切り","4","9","30","3055","2285","1942","64427","2番手以下のDPC・1番手より低い点数"
"6946430","2026-05-27","2026-06-01","6","050070xx9700xx","18042","18042","0","一致","","5","9","30","3160","2242","1905","15800","1番手のDPC・点数と一致"
"3616123","2026-05-28","2026-06-07","11","050210xx9700xx","28578","26811","1767","不一致","","4","9","30","3063","2173","1847","24964","2番手以下のDPC・1番手と同じ点数"
"6921971","2026-05-28","2026-06-08","12","060340xx03x00x","29564","29564","0","一致","","4","7","30","3233","2294","1950","27614","1番手のDPC・点数と一致"
"917128","2026-05-29","2026-06-19","22","050140xx99x00x","56647","47665","8982","不一致","","3","6","30","3636","2215","1882","45783","2番手以下のDPC・1番手と同じ点数"
"3734971","2026-05-29","2026-06-10","13","050130xx9900x0","35502","35502","0","一致","","7","14","60","3150","2242","1906","33260","2番手以下のDPC・1番手より高い点数"
"3131543","2026-05-30","2026-06-23","25","040081xx99x0xx","61984","61984","0","一致","","9","17","60","3320","2169","1844","60140","1番手のDPC・点数と一致"
"5565188","2026-05-30","2026-06-06","8","060340xx03x00x","21764","21764","0","一致","","4","7","30","3233","2294","1950","19814","1番手のDPC・点数と一致"
"3197022","2026-05-31","2026-06-25","26","160800xx97xxxx","54812","54812","0","一致","","4","13","60","3082","2119","1801","53011","1番手のDPC・点数と一致"
"5433913","2026-05-31","2026-06-18","19","040200xx99x01x","50711","50711","0","一致","","9","18","60","3172","2250","1913","48798","1番手のDPC・点数と一致"
"7002912","2026-05-31","2026-06-17","18","010040x099000x","44154","44154","0","一致","","8","16","60","3093","2001","1701","42453","1番手のDPC・点数と一致"
"5047065","2026-06-01","2026-06-05","5","050070xx9700xx","15800","15800","0","一致","","5","9","30","3160","2242","1905","12640","1番手のDPC・点数と一致"
"692435","2026-06-02","2026-06-16","15","040040xx02x4xx","38927","38927","0","一致","","6","11","30","3255","2309","1963","36964","1番手のDPC・点数と一致"
"4919405","2026-06-02","2026-06-18","17","040110xxxx00xx","45163","45163","0","一致","","8","15","60","3193","2255","1917","43246","1番手のDPC・点数と一致"
"7003229","2026-06-02","2026-06-16","15","06007xxx97x0xx","37430","37430","0","一致","","5","10","30","3237","2297","1952","35478","1番手のDPC・点数と一致"
"978328","2026-06-03","2026-07-02","30","160800xx97xxxx","62016","62016","0","一致","","4","13","60","3082","2119","1801","60215","1番手のDPC・点数と一致"
"1754844","2026-06-03","2026-06-17","15","050130xx9900x0","39650","39650","0","一致","","7","14","60","3150","2242","1906","37744","1番手のDPC・点数と一致"
"2467909","2026-06-03","2026-06-23","21","06007xxx9900xx","48036","48036","0","一致","","3","9","30","3248","2364","2009","46027","1番手のDPC・点数と一致"
"2727963","2026-06-03","2026-06-24","22","040210xx99xxxx","56159","51406","4753","不一致","","5","11","30","3343","2260","1921","49485","2番手以下のDPC・1番手と同じ点数"
"3306936","2026-06-03","2026-06-18","16","010010xx9906xx","35296","35296","0","一致","","3","8","30","2946","2242","1906","33390","1番手のDPC・点数と一致"
"4274661","2026-06-03","2026-06-12","10","010069xx97x00x","25664","24650","1014","不一致","","5","10","30","2884","2046","1739","22604","2番手以下のDPC・1番手と同じ点数"
"1696953","2026-06-04","2026-06-24","21","050030xx97x0xx","53358","53358","0","一致","","3","12","60","4151","2457","2088","51270","1番手のDPC・点数と一致"
"5218587","2026-06-04","2026-07-14","41","","","","","比較対象外","DPCなし","","","","","","","","DPC・点数とも未設定"
"6880151","2026-06-04","2026-06-11","8","050170xx97000x","21728","21728","0","一致","","4","8","30","3178","2254","1916","19474","1番手のDPC・点数と一致"
"3024546","2026-06-05","2026-06-15","11","050210xx9700xx","26811","26811","0","一致","","4","9","30","3063","2173","1847","24964","1番手のDPC・点数と一致"
"6732514","2026-06-06","2026-06-20","15","110310xx99xxxx","38349","38349","0","一致","","6","11","30","3232","2257","1918","36431","1番手のDPC・点数と一致"
"5636254","2026-06-08","2026-06-21","14","","","","","比較対象外","DPCなし","","","","","","","","DPC・点数とも未設定"
"6799615","2026-06-08","2026-06-18","11","060340xx03x00x","27614","27614","0","一致","","4","7","30","3233","2294","1950","25664","1番手のDPC・点数と一致"
"6960339","2026-06-08","2026-06-30","23","050080xx97x0xx","58100","58100","0","一致","","7","17","60","3272","2331","1981","56119","1番手のDPC・点数と一致"
"2862933","2026-06-10","2026-06-24","15","050130xx9900x0","39650","39650","0","一致","","7","14","60","3150","2242","1906","37744","1番手のDPC・点数と一致"
"5269180","2026-06-10","2026-06-30","21","0400800x99x0xx","54198","54198","0","一致","","7","15","60","3424","2308","1961","52237","1番手のDPC・点数と一致"
"7001768","2026-06-10","2026-07-08","29","","","","","比較対象外","DPCなし","","","","","","","","DPC・点数とも未設定"
"4605361","2026-06-11","2026-06-15","5","050070xx9700xx","15800","15800","0","一致","","5","9","30","3160","2242","1905","12640","1番手のDPC・点数と一致"
"6020046","2026-06-11","2026-06-25","15","0400800x99x0xx","42432","42432","0","一致","","7","15","60","3424","2308","1961","40124","1番手のDPC・点数と一致"
"6314809","2026-06-11","2026-06-16","6","","","","","比較対象外","DPCなし","","","","","","","","DPC・点数とも未設定"
"6565420","2026-06-11","2026-07-01","21","040180xx97xxxx","47898","47898","0","一致","","4","10","30","3090","2315","1968","45930","2番手以下のDPC・1番手より高い点数"
"7005855","2026-06-11","2026-06-24","14","060340xx03x00x","33464","33464","0","一致","","4","7","30","3233","2294","1950","31514","1番手のDPC・点数と一致"
"4619601","2026-06-12","2026-07-03","22","050210xx9700xx","47128","47128","0","一致","","4","9","30","3063","2173","1847","45281","1番手のDPC・点数と一致"
"5427275","2026-06-12","2026-06-30","19","050080xx0200xx","48131","48131","0","一致","","5","10","30","3408","2458","2089","46042","1番手のDPC・点数と一致"
"3800845","2026-06-13","2026-06-23","11","050070xx9700xx","28578","28578","0","一致","","5","9","30","3160","2242","1905","26673","1番手のDPC・点数と一致"
"1436977","2026-06-14","2026-06-19","6","050140xx97x0xx","19026","19026","0","一致","","7","15","60","3171","2216","1884","15855","2番手以下のDPC・1番手より低い点数"
"2146062","2026-06-15","2026-06-25","11","060340xx03x00x","27614","27614","0","一致","","4","7","30","3233","2294","1950","25664","1番手のDPC・点数と一致"
"2915405","2026-06-15","2026-07-02","18","050060xx9900xx","42750","42750","0","一致","","4","10","30","3248","2325","1976","40774","2番手以下のDPC・1番手より低い点数"
"2984892","2026-06-15","2026-07-08","24","160800xx97xxxx","51210","51210","0","一致","","4","13","60","3082","2119","1801","49409","1番手のDPC・点数と一致"
"4244478","2026-06-15","2026-07-09","25","160800xx97xxxx","53011","53011","0","一致","","4","13","60","3082","2119","1801","51210","1番手のDPC・点数と一致"
"4583363","2026-06-15","2026-07-06","22","050050xx97x0xx","56003","56003","0","一致","","3","7","30","4085","2612","2220","53783","1番手のDPC・点数と一致"
"6031532","2026-06-15","2026-07-04","20","050130xx9900x0","49180","49180","0","一致","","7","14","60","3150","2242","1906","47274","1番手のDPC・点数と一致"
"6705226","2026-06-15","2026-06-20","6","050130xx97000x","18840","18840","0","一致","","9","18","60","3140","2264","1924","15700","2番手以下のDPC・1番手より高い点数"
"6783496","2026-06-16","2026-07-08","23","","","","","比較対象外","DPCなし","","","","","","","","DPC・点数とも未設定"
"6823288","2026-06-16","2026-07-03","18","050130xx9900x0","45368","45368","0","一致","","7","14","60","3150","2242","1906","43462","1番手のDPC・点数と一致"
"6841363","2026-06-16","2026-07-03","18","060035xx97x0xx","44743","44743","0","一致","","6","13","30","3165","2289","1946","42797","1番手のDPC・点数と一致"
"7006972","2026-06-16","2026-07-10","25","","","","","比較対象外","DPCなし","","","","","","","","DPC・点数とも未設定"
"7007241","2026-06-16","2026-07-02","17","010060xx99x40x","47042","47042","0","一致","","7","14","60","3497","2400","1921","45121","1番手のDPC・点数と一致"
"224181","2026-06-17","2026-06-20","4","050050xx97x0xx","14867","14867","0","一致","","3","7","30","4085","2612","2220","12255","1番手のDPC・点数と一致"
"3046984","2026-06-17","2026-07-15","29","060035xx97x0xx","66149","66149","0","一致","","6","13","30","3165","2289","1946","64203","1番手のDPC・点数と一致"
"4348909","2026-06-17","2026-06-23","7","160760xx97xxxx","16140","16140","0","一致","","2","4","30","3113","2179","1852","14288","1番手のDPC・点数と一致"
"7007645","2026-06-17","2026-06-27","11","050210xx9700xx","26811","26811","0","一致","","4","9","30","3063","2173","1847","24964","1番手のDPC・点数と一致"
"2420963","2026-06-18","2026-06-27","10","050050xx97x0xx","29363","29363","0","一致","","3","7","30","4085","2612","2220","27143","2番手以下のDPC・1番手より高い点数"
"2581999","2026-06-18","2026-06-21","4","050050xx9900x0","13302","13302","0","一致","","2","4","30","4271","2380","2023","10922","1番手のDPC・点数と一致"
"5621102","2026-06-18","2026-06-29","12","050210xx9700xx","28658","28658","0","一致","","4","9","30","3063","2173","1847","26811","1番手のDPC・点数と一致"
"7002013","2026-06-18","2026-07-02","15","050080xx99x0xx","未算定","","","算出不可","マスタになし","","","","","","","","その他: 先頭6桁だけ同じDPC・点数が文字列"
"7007760","2026-06-18","2026-07-14","27","06007xxx97x0xx","60854","60854","0","一致","","5","10","30","3237","2297","1952","58902","1番手のDPC・点数と一致"
"3578323","2026-06-19","2026-07-01","13","110280xx97x01x","39039","39039","0","一致","","12","25","60","3073","2163","1838","36876","2番手以下のDPC・1番手より高い点数"
"6716596","2026-06-19","2026-07-07","19","040110xxxx00xx","48997","48997","0","一致","","8","15","60","3193","2255","1917","47080","1番手のDPC・点数と一致"
"6980367","2026-06-19","2026-07-15","27","040110xxxx00xx","64333","64333","0","一致","","8","15","60","3193","2255","1917","62416","1番手のDPC・点数と一致"
"3525233","2026-06-20","2026-07-01","12","050030xx97x0xx","34566","34566","0","一致","","3","12","60","4151","2457","2088","32109","1番手のDPC・点数と一致"
"5952812","2026-06-20","2026-07-03","14","050030xx97x0xx","38742","38742","0","一致","","3","12","60","4151","2457","2088","36654","1番手のDPC・点数と一致"
"6644947","2026-06-20","2026-07-07","18","050130xx9900x0","45368","45368","0","一致","","7","14","60","3150","2242","1906","43462","1番手のDPC・点数と一致"
"5404924","2026-06-21","2026-07-09","19","110280xx99000x","43065","43065","0","一致","","4","9","30","3055","2285","1942","41123","2番手以下のDPC・1番手より低い点数"
"6935475","2026-06-22","2026-07-03","12","060340xx03x00x","29564","29564","0","一致","","4","7","30","3233","2294","1950","27614","1番手のDPC・点数と一致"
"5881986","2026-06-23","2026-06-30","8","050130xx97000x","25120","25120","0","一致","","9","18","60","3140","2264","1924","21980","2番手以下のDPC・1番手より高い点数"
"6563589","2026-06-23","2026-07-10","18","050070xx99001x","43679","43679","0","一致","","5","12","30","3315","2240","1904","41775","2番手以下のDPC・1番手より低い点数"
"1638228","2026-06-24","2026-07-04","11","110280xx99000x","27529","27529","0","一致","","4","9","30","3055","2285","1942","25587","2番手以下のDPC・1番手より低い点数"
"5967130","2026-06-24","2026-07-31","38","040081xx99x0xx","85956","85956","0","一致","","9","17","60","3320","2169","1844","84112","1番手のDPC・点数と一致"
"4015942","2026-06-25","2026-07-08","14","040070xxxxx00x","30020","30020","0","一致","","3","5","30","3025","2170","1845","28175","1番手のDPC・点数と一致"
"450255","2026-06-26","2026-07-30","35","050130xx9900x0","77770","77770","0","一致","","7","14","60","3150","2242","1906","75864","1番手のDPC・点数と一致"
"3289279","2026-06-26","2026-07-16","21","010040x099000x","49257","49257","0","一致","","8","16","60","3093","2001","1701","47556","1番手のDPC・点数と一致"
"6983084","2026-06-26","2026-07-21","26","040110xxxx00xx","62416","62416","0","一致","","8","15","60","3193","2255","1917","60499","1番手のDPC・点数と一致"
"1842372","2026-06-27","2026-07-10","14","050030xx97x0xx","38742","38742","0","一致","","3","12","60","4151","2457","2088","36654","1番手のDPC・点数と一致"
"4148967","2026-06-27","2026-07-06","10","060210xx99000x","26486","26486","0","一致","","4","8","30","3293","2336","1985","24501","1番手のDPC・点数と一致"
"6341313","2026-06-27","2026-07-09","13","","","","","比較対象外","DPCなし","","","","","","","","DPC・点数とも未設定"
"5717371","2026-06-28","2026-07-03","6","050070xx9700xx","18042","18042","0","一致","","5","9","30","3160","2242","1905","15800","1番手のDPC・点数と一致"
"7010022","2026-06-28","2026-07-09","12","050050xx97x0xx","33803","33803","0","一致","","3","7","30","4085","2612","2220","31583","2番手以下のDPC・1番手より低い点数"
"507535","2026-06-29","2026-07-03","5","050070xx9700xx","15800","15800","0","一致","","5","9","30","3160","2242","1905","12640","1番手のDPC・点数と一致"
"2638813","2026-06-29","2026-07-14","16","010060xx99x40x","45121","45121","0","一致","","7","14","60","3497","2400","1921","43200","1番手のDPC・点数と一致"
"4224945","2026-06-29","2026-07-11","13","","","","","比較対象外","DPCなし","","","","","","","","DPC・点数とも未設定"
"4192390","2026-06-30","2026-07-22","23","060340xx03x00x","51014","51014","0","一致","","4","7","30","3233","2294","1950","49064","1番手のDPC・点数と一致"
"5186336","2026-06-30","2026-07-06","7","050070xx9700xx","20284","20284","0","一致","","5","9","30","3160","2242","1905","18042","1番手のDPC・点数と一致"
"5658298","2026-06-30","2026-07-04","5","050050xx97x0xx","17479","17479","0","一致","","3","7","30","4085","2612","2220","14867","1番手のDPC・点数と一致"
"6961622","2026-06-30","2026-07-09","10","050050xx97x0xx","29363","29363","0","一致","","3","7","30","4085","2612","2220","27143","1番手のDPC・点数と一致"
"6964692","2026-06-30","2026-07-08","9","060020xx97x0xx","27372","25155","2217","不一致","","5","12","30","3167","2330","1980","22825","2番手以下のDPC・1番手と同じ点数"
"7008445","2026-06-30","2026-07-08","9","050050xx97x0xx","27143","27143","0","一致","","3","7","30","4085","2612","2220","24923","1番手のDPC・点数と一致"
"2026121","2026-07-01","2026-07-10","10","060210xx99000x","26486","26486","0","一致","","4","8","30","3293","2336","1985","24501","1番手のDPC・点数と一致"
"4002781","2026-07-01","2026-07-16","16","060350xx99x0xx","46536","41293","5243","不一致","","5","9","30","3602","2340","1989","39304","その他: 先頭6桁だけ同じDPC・点数は1番手と同じ"
"6903872","2026-07-01","2026-07-25","25","050070xx99000x","54396","54396","0","一致","","2","4","30","3635","2374","2018","52378","1番手のDPC・点数と一致"
"1828865","2026-07-02","2026-07-10","9","050050xx97x0xx","27143","27143","0","一致","","3","7","30","4085","2612","2220","24923","2番手以下のDPC・1番手より低い点数"
"4408589","2026-07-02","2026-07-11","10","110280xx97x00x","26548","26548","0","一致","","6","11","30","3004","2131","1811","24417","2番手以下のDPC・1番手より高い点数"
"4724414","2026-07-02","2026-07-14","13","050070xx9700xx","32388","32388","0","一致","","5","9","30","3160","2242","1905","30483","1番手のDPC・点数と一致"
"7011062","2026-07-02","2026-07-14","13","160780xx97xx0x","26116","26116","0","一致","","2","3","30","2988","2120","1802","24314","2番手以下のDPC・1番手より低い点数"
"7011214","2026-07-02","2026-07-23","22","040081xx99x0xx","56452","56452","0","一致","","9","17","60","3320","2169","1844","54608","1番手のDPC・点数と一致"
"7011341","2026-07-02","2026-07-27","26","110310xx99xxxx","59447","59447","0","一致","","6","11","30","3232","2257","1918","57529","2番手以下のDPC・1番手より高い点数"
"5072765","2026-07-03","2026-07-22","20","040081xx99x0xx","52764","52764","0","一致","","9","17","60","3320","2169","1844","50920","1番手のDPC・点数と一致"
"4168488","2026-07-04","2026-07-23","20","060340XX03X00X ","","45164","","比較対象外","一覧の点数が空または数値でない","4","7","30","3233","2294","1950","43214","その他: DPCの表記揺れ（大文字・末尾空白）・点数空"
"6027963","2026-07-04","2026-07-23","20","160760xx99xxxx","41554","41554","0","一致","","2","8","30","3899","2084","1771","39783","1番手のDPC・点数と一致"
"7011745","2026-07-04","2026-07-15","12","050030xx97x0xx","34566","34566","0","一致","","3","12","60","4151","2457","2088","32109","1番手のDPC・点数と一致"
"7011769","2026-07-04","2026-07-14","11","050140xx97x0xx","31061","31061","0","一致","","7","15","60","3171","2216","1884","28845","2番手以下のDPC・1番手より低い点数"
"4779015","2026-07-06","2026-07-14","9","060210xx99000x","24501","24501","0","一致","","4","8","30","3293","2336","1985","22516","1番手のDPC・点数と一致"
"5490711","2026-07-06","2026-07-13","8","060130xx9700xx","22905","22905","0","一致","","5","9","30","3228","2255","1917","20650","1番手のDPC・点数と一致"
"6178114","2026-07-06","2026-07-22","17","040110xxxx00xx","45163","45163","0","一致","","8","15","60","3193","2255","1917","43246","2番手以下のDPC・1番手より低い点数"
"6531075","2026-07-06","2026-07-23","18","010060xx99x20x","44881","44881","0","一致","","7","14","60","3191","2168","1842","43039","1番手のDPC・点数と一致"
"6783321","2026-07-06","2026-07-29","24","050130xx9900x0","56804","56804","0","一致","","7","14","60","3150","2242","1906","54898","1番手のDPC・点数と一致"
"5074517","2026-07-07","2026-07-24","18","999999xx99x9xx","40776","","","算出不可","マスタになし","","","","","","","","その他: 候補にないDPC（先頭6桁から違う）"
"7002291","2026-07-07","2026-07-13","7","060330xx01xxxx","18640","18640","0","一致","","5","10","30","2904","2060","1751","16580","1番手のDPC・点数と一致"
"7012242","2026-07-07","2026-07-22","16","161020xxxxx0xx","35826","35826","0","一致","","2","5","30","3921","2266","1926","33900","2番手以下のDPC・1番手より低い点数"
"7012278","2026-07-07","2026-07-21","15","040070xxxxx00x","31865","31865","0","一致","","3","5","30","3025","2170","1845","30020","1番手のDPC・点数と一致"
"4824290","2026-07-08","2026-07-18","11","050030xx97x0xx","32109","32109","0","一致","","3","12","60","4151","2457","2088","29652","1番手のDPC・点数と一致"
"6867292","2026-07-08","2026-07-21","14","060185xx99x00x","33337","33337","0","一致","","3","8","30","3360","2303","1957","31380","2番手以下のDPC・1番手より低い点数"
"6995926","2026-07-08","2026-07-17","10","050070xx9700xx","26673","26673","0","一致","","5","9","30","3160","2242","1905","24768","1番手のDPC・点数と一致"
"5234935","2026-07-09","2026-07-23","15","050130xx9900x0","39650","39650","0","一致","","7","14","60","3150","2242","1906","37744","1番手のDPC・点数と一致"
"7002342","2026-07-09","2026-07-13","5","050070xx9700xx","14800","15800","-1000","不一致","","5","9","30","3160","2242","1905","12640","その他: DPC一致・点数だけ低い"
"5940780","2026-07-10","2026-07-27","18","050130xx97000x","47094","48636","-1542","不一致","","9","18","60","3140","2264","1924","46372","2番手以下のDPC・1番手と同じ点数"
"6088581","2026-07-10","2026-07-24","15","060210xx99000x","36411","36411","0","一致","","4","8","30","3293","2336","1985","34426","1番手のDPC・点数と一致"
"4025880","2026-07-12","2026-07-29","18","050130xx97000x","47123","48636","-1513","不一致","","9","18","60","3140","2264","1924","46372","2番手以下のDPC・1番手と同じ点数"
"6523319","2026-07-12","2026-07-16","5","","15800","","","比較対象外","DPCなし","","","","","","","","その他: 点数のみ設定・DPC空"
"5815634","2026-07-13","2026-07-30","18","110310xx99xxxx","44103","44103","0","一致","","6","11","30","3232","2257","1918","42185","1番手のDPC・点数と一致"
"6909329","2026-07-13","2026-07-29","17","010010xx9906xx","37202","37202","0","一致","","3","8","30","2946","2242","1906","35296","1番手のDPC・点数と一致"
"6999809","2026-07-13","2026-07-27","15","050080xx0200xx","39775","39775","0","一致","","5","10","30","3408","2458","2089","37686","1番手のDPC・点数と一致"
"7013787","2026-07-13","2026-07-29","17","040130xx99x0xx","38888","38888","0","一致","","4","9","30","3127","2236","1900","36988","1番手のDPC・点数と一致"
"2786082","2026-07-14","2026-07-27","14","040070xxxxx00x","30020","30020","0","一致","","3","5","30","3025","2170","1845","28175","1番手のDPC・点数と一致"
"6300230","2026-07-14","2026-07-27","14","160760xx97xxxx","29104","29104","0","一致","","2","4","30","3113","2179","1852","27252","1番手のDPC・点数と一致"
"6725672","2026-07-14","2026-07-25","12","","","","","比較対象外","DPCなし","","","","","","","","DPC・点数とも未設定"
"3988182","2026-07-15","2026-07-26","12","06007xxx97x0xx","31574","31574","0","一致","","5","10","30","3237","2297","1952","29622","1番手のDPC・点数と一致"
"4907602","2026-07-15","2026-07-24","10","050210xx9700xx","24964","24964","0","一致","","4","9","30","3063","2173","1847","23117","1番手のDPC・点数と一致"
"6693180","2026-07-15","2026-07-24","10","040040xx02x4xx","29766","28766","1000","不一致","","6","11","30","3255","2309","1963","26457","その他: DPC一致・点数だけ高い"
"2959572","2026-07-17","2026-07-30","14","040130xx99x0xx","33188","33188","0","一致","","4","9","30","3127","2236","1900","31288","2番手以下のDPC・1番手より低い点数"
"2960032","2026-07-20","2026-07-31","12","080010xxxx0xxx","30720","30720","0","一致","","5","10","30","3133","2247","1910","28810","1番手のDPC・点数と一致"
"2344226","2026-07-21","2026-07-31","11","050030xx97x0xx","32109","32109","0","一致","","3","12","60","4151","2457","2088","29652","1番手のDPC・点数と一致"
"6064959","2026-07-22","2026-07-31","10","040040xx97x00x","27074","27074","0","一致","","4","9","30","3244","2410","2048","25026","1番手のDPC・点数と一致"
"6971510","2026-07-22","2026-07-31","10","050210xx9700xx","24964","24964","0","一致","","4","9","30","3063","2173","1847","23117","1番手のDPC・点数と一致"
"2049282","2026-07-23","2026-07-30","8","060340xx03x00x","21764","21764","0","一致","","4","7","30","3233","2294","1950","19814","1番手のDPC・点数と一致"
"5557535","2026-07-23","2026-07-29","7","050050xx97x0xx","22703","22703","0","一致","","3","7","30","4085","2612","2220","20091","1番手のDPC・点数と一致"
"7014412","2026-07-23","2026-07-28","6","070370xx97xxxx","14288","16752","-2464","不一致","","10","20","60","2792","1981","1684","13960","2番手以下のDPC・1番手と同じ点数"
"2305250","2026-07-24","2026-07-31","8","060335xx0100xx","25926","25926","0","一致","","6","13","30","3674","1941","1971","23985","1番手のDPC・点数と一致"
